Name,HashValue
car.name,63f04ecae258db1a86690f15c2785f1b
car.body.engine.num_pistons,a87ff679a2f3e71d9181a67b7542122c
car.body.engine.piston.0.position.x,cfcd208495d565ef66e7dff9f98764da
car.body.engine.piston.0.position.y,cfcd208495d565ef66e7dff9f98764da
car.body.engine.piston.0.position.z,cfcd208495d565ef66e7dff9f98764da
car.body.engine.piston.0.diameter,cfcd208495d565ef66e7dff9f98764da
car.body.engine.piston.1.position.x,cfcd208495d565ef66e7dff9f98764da
car.body.engine.piston.1.position.y,cfcd208495d565ef66e7dff9f98764da
car.body.engine.piston.1.position.z,d3d9446802a44259755d38e6d163e820
car.body.engine.piston.1.diameter,c9f0f895fb98ab9159f51fd0297e236d
car.body.engine.piston.2.position.x,cfcd208495d565ef66e7dff9f98764da
car.body.engine.piston.2.position.y,cfcd208495d565ef66e7dff9f98764da
car.body.engine.piston.2.position.z,98f13708210194c475687be6106a3b84
car.body.engine.piston.2.diameter,c74d97b01eae257e44aa9d5bade97baf
car.body.engine.piston.3.position.x,cfcd208495d565ef66e7dff9f98764da
car.body.engine.piston.3.position.y,cfcd208495d565ef66e7dff9f98764da
car.body.engine.piston.3.position.z,34173cb38f07f89ddbebc2ac9128303f
car.body.engine.piston.3.diameter,1ff1de774005f8da13f42943881c655f
car.electronics.computers.1.board.name,714a845ba48162179ebbea442fbefa13
car.electronics.computers.1.board.fuse.red.max_power,d3d9446802a44259755d38e6d163e820
car.electronics.computers.1.board.fuse.red.brand,f7d81c5c8d207fa132f6907b87b9d559
car.electronics.computers.1.board.fuse.green.max_power,98f13708210194c475687be6106a3b84
car.electronics.computers.1.board.fuse.green.brand,f7d81c5c8d207fa132f6907b87b9d559
car.electronics.computers.1.board.fuse.blue.max_power,34173cb38f07f89ddbebc2ac9128303f
car.electronics.computers.1.board.fuse.blue.brand,f7d81c5c8d207fa132f6907b87b9d559
car.electronics.computers.2.board.name,8523f30e9dddac1a7ac54d3bb512bd25
car.electronics.computers.2.board.fuse.red.max_power,d3d9446802a44259755d38e6d163e820
car.electronics.computers.2.board.fuse.red.brand,f7d81c5c8d207fa132f6907b87b9d559
car.electronics.computers.2.board.fuse.green.max_power,98f13708210194c475687be6106a3b84
car.electronics.computers.2.board.fuse.green.brand,f7d81c5c8d207fa132f6907b87b9d559
car.electronics.computers.2.board.fuse.blue.max_power,d645920e395fedad7bbbed0eca3fe2e0
car.electronics.computers.2.board.fuse.blue.brand,f7d81c5c8d207fa132f6907b87b9d559
car.specs.info.max_speed,3644a684f98ea8fe223c713b77189a77
car.specs.info.length,cee631121c2ec9232f3a2f028ad5c89b
car.specs.info.height,da4fb5c6e93e74d3df8527599fa62642
car.specs.info.width,149e9677a5989fd342ae44213df68868
car.specs.hp_per_rpm,d02859787fb3fb0bdc34f5d880f1d10c
